{
  "head.optimistic.count": 2000.0,
  "tail.optimistic.count": 2000.0,
  "both.optimistic.count": 4000.0,
  "head.realistic.count": 2000.0,
  "tail.realistic.count": 2000.0,
  "both.realistic.count": 4000.0,
  "head.pessimistic.count": 2000.0,
  "tail.pessimistic.count": 2000.0,
  "both.pessimistic.count": 4000.0,
  "head.optimistic.inverse_median_rank": 0.00199203187250996,
  "tail.optimistic.inverse_median_rank": 0.0024937655860349127,
  "both.optimistic.inverse_median_rank": 0.0022222222222222222,
  "head.realistic.inverse_median_rank": 0.0019920319318771362,
  "tail.realistic.inverse_median_rank": 0.0024937656708061695,
  "both.realistic.inverse_median_rank": 0.002222222276031971,
  "head.pessimistic.inverse_median_rank": 0.00199203187250996,
  "tail.pessimistic.inverse_median_rank": 0.0024937655860349127,
  "both.pessimistic.inverse_median_rank": 0.0022222222222222222,
  "head.optimistic.geometric_mean_rank": 390.1373689183234,
  "tail.optimistic.geometric_mean_rank": 283.28362432855727,
  "both.optimistic.geometric_mean_rank": 332.44477414029234,
  "head.realistic.geometric_mean_rank": 390.1377258300781,
  "tail.realistic.geometric_mean_rank": 283.2839050292969,
  "both.realistic.geometric_mean_rank": 332.445068359375,
  "head.pessimistic.geometric_mean_rank": 390.13830852150267,
  "tail.pessimistic.geometric_mean_rank": 283.2841772937868,
  "both.pessimistic.geometric_mean_rank": 332.4454989322362,
  "head.optimistic.z_geometric_mean_rank": 41.000092470745386,
  "tail.optimistic.z_geometric_mean_rank": 42.05081507317213,
  "both.optimistic.z_geometric_mean_rank": 58.77389729307891,
  "head.realistic.z_geometric_mean_rank": 41.00008896447069,
  "tail.realistic.z_geometric_mean_rank": 42.05081231660694,
  "both.realistic.z_geometric_mean_rank": 58.77389320645072,
  "head.pessimistic.z_geometric_mean_rank": 41.00008324015322,
  "tail.pessimistic.z_geometric_mean_rank": 42.05080964288824,
  "both.pessimistic.z_geometric_mean_rank": 58.773887225903245,
  "head.optimistic.z_arithmetic_mean_rank": 53.591382935903084,
  "tail.optimistic.z_arithmetic_mean_rank": 56.45472714154826,
  "both.optimistic.z_arithmetic_mean_rank": 77.81472227275376,
  "head.realistic.z_arithmetic_mean_rank": 53.59136152996342,
  "tail.realistic.z_arithmetic_mean_rank": 56.454708061411765,
  "both.realistic.z_arithmetic_mean_rank": 77.81469364507817,
  "head.pessimistic.z_arithmetic_mean_rank": 53.5913391965144,
  "tail.pessimistic.z_arithmetic_mean_rank": 56.454689664451514,
  "both.pessimistic.z_arithmetic_mean_rank": 77.81466484484272,
  "head.optimistic.median_rank": 502.0,
  "tail.optimistic.median_rank": 401.0,
  "both.optimistic.median_rank": 450.0,
  "head.realistic.median_rank": 502.0,
  "tail.realistic.median_rank": 401.0,
  "both.realistic.median_rank": 450.0,
  "head.pessimistic.median_rank": 502.0,
  "tail.pessimistic.median_rank": 401.0,
  "both.pessimistic.median_rank": 450.0,
  "head.optimistic.adjusted_arithmetic_mean_rank_index": 0.6919186502203678,
  "tail.optimistic.adjusted_arithmetic_mean_rank_index": 0.7288871234915802,
  "both.optimistic.adjusted_arithmetic_mean_rank_index": 0.7104062936228422,
  "head.realistic.adjusted_arithmetic_mean_rank_index": 0.6919183738481589,
  "tail.realistic.adjusted_arithmetic_mean_rank_index": 0.7288868771478901,
  "both.realistic.adjusted_arithmetic_mean_rank_index": 0.71040603226766,
  "head.pessimistic.adjusted_arithmetic_mean_rank_index": 0.6919180855008714,
  "tail.pessimistic.adjusted_arithmetic_mean_rank_index": 0.7288866396246902,
  "both.pessimistic.adjusted_arithmetic_mean_rank_index": 0.7104057693371,
  "head.optimistic.adjusted_arithmetic_mean_rank": 0.30819297175579546,
  "tail.optimistic.adjusted_arithmetic_mean_rank": 0.2712304189986465,
  "both.optimistic.adjusted_arithmetic_mean_rank": 0.2897082897053461,
  "head.realistic.adjusted_arithmetic_mean_rank": 0.30819324808341936,
  "tail.realistic.adjusted_arithmetic_mean_rank": 0.27123066530261053,
  "both.realistic.adjusted_arithmetic_mean_rank": 0.28970855101837373,
  "head.pessimistic.adjusted_arithmetic_mean_rank": 0.30819353638418995,
  "tail.pessimistic.adjusted_arithmetic_mean_rank": 0.2712309027875067,
  "both.pessimistic.adjusted_arithmetic_mean_rank": 0.28970881390652503,
  "head.optimistic.median_absolute_deviation": 713.1316671011946,
  "tail.optimistic.median_absolute_deviation": 582.6626718727016,
  "both.optimistic.median_absolute_deviation": 649.3797717054537,
  "head.realistic.median_absolute_deviation": 713.1316528320312,
  "tail.realistic.median_absolute_deviation": 582.6626586914062,
  "both.realistic.median_absolute_deviation": 649.3797607421875,
  "head.pessimistic.median_absolute_deviation": 713.1316671011946,
  "tail.pessimistic.median_absolute_deviation": 582.6626718727016,
  "both.pessimistic.median_absolute_deviation": 649.3797717054537,
  "head.optimistic.harmonic_mean_rank": 36.86896753401744,
  "tail.optimistic.harmonic_mean_rank": 21.66446850608965,
  "both.optimistic.harmonic_mean_rank": 27.29197668988582,
  "head.realistic.harmonic_mean_rank": 36.86897277832031,
  "tail.realistic.harmonic_mean_rank": 21.66446876525879,
  "both.realistic.harmonic_mean_rank": 27.291976928710938,
  "head.pessimistic.harmonic_mean_rank": 36.868972953673996,
  "tail.pessimistic.harmonic_mean_rank": 21.664469212861956,
  "both.pessimistic.harmonic_mean_rank": 27.291978735580344,
  "head.optimistic.variance": 8031100.53702775,
  "tail.optimistic.variance": 6887275.459604,
  "both.optimistic.variance": 7472241.346442438,
  "head.realistic.variance": 8031105.5,
  "tail.realistic.variance": 6887276.5,
  "both.realistic.variance": 7472244.5,
  "head.pessimistic.variance": 8031110.147600001,
  "tail.pessimistic.variance": 6887278.163111,
  "both.pessimistic.variance": 7472247.56060775,
  "head.optimistic.arithmetic_mean_rank": 1910.4165,
  "tail.optimistic.arithmetic_mean_rank": 1681.914,
  "both.optimistic.arithmetic_mean_rank": 1796.16525,
  "head.realistic.arithmetic_mean_rank": 1910.418212890625,
  "tail.realistic.arithmetic_mean_rank": 1681.91552734375,
  "both.realistic.arithmetic_mean_rank": 1796.1668701171875,
  "head.pessimistic.arithmetic_mean_rank": 1910.42,
  "tail.pessimistic.arithmetic_mean_rank": 1681.917,
  "both.pessimistic.arithmetic_mean_rank": 1796.1685,
  "head.optimistic.z_inverse_harmonic_mean_rank": 102.42176319433975,
  "tail.optimistic.z_inverse_harmonic_mean_rank": 176.5405501515864,
  "both.optimistic.z_inverse_harmonic_mean_rank": 197.2513269246041,
  "head.realistic.z_inverse_harmonic_mean_rank": 102.42174624974055,
  "tail.realistic.z_inverse_harmonic_mean_rank": 176.5405529421522,
  "both.realistic.z_inverse_harmonic_mean_rank": 197.25132204144475,
  "head.pessimistic.z_inverse_harmonic_mean_rank": 102.42174767694821,
  "tail.pessimistic.z_inverse_harmonic_mean_rank": 176.54054428977003,
  "both.pessimistic.z_inverse_harmonic_mean_rank": 197.2513118065939,
  "head.optimistic.inverse_geometric_mean_rank": 0.002563199733397888,
  "tail.optimistic.inverse_geometric_mean_rank": 0.003530031085878027,
  "both.optimistic.inverse_geometric_mean_rank": 0.003008018407225731,
  "head.realistic.inverse_geometric_mean_rank": 0.002563197398558259,
  "tail.realistic.inverse_geometric_mean_rank": 0.0035300275776535273,
  "both.realistic.inverse_geometric_mean_rank": 0.003008015686646104,
  "head.pessimistic.inverse_geometric_mean_rank": 0.002563193560226564,
  "tail.pessimistic.inverse_geometric_mean_rank": 0.0035300241953256906,
  "both.pessimistic.inverse_geometric_mean_rank": 0.0030080118491958717,
  "head.optimistic.inverse_harmonic_mean_rank": 0.027123081194973583,
  "tail.optimistic.inverse_harmonic_mean_rank": 0.04615852910118292,
  "both.optimistic.inverse_harmonic_mean_rank": 0.03664080514807825,
  "head.realistic.inverse_harmonic_mean_rank": 0.02712307684123516,
  "tail.realistic.inverse_harmonic_mean_rank": 0.046158529818058014,
  "both.realistic.inverse_harmonic_mean_rank": 0.03664080426096916,