{
  "losses": [
    1.0535823863650124,
    0.726966571240198,
    0.4996517338449993,
    0.34973303808106315,
    0.24506282215080563,
    0.17679117832865035,
    0.13027307190119275,
    0.09932227267159356,
    0.07491344172093603,
    0.05888370998085491,
    0.0475024375768881,
    0.037222217561470136,
    0.03019294258029688,
    0.026069815640175152,
    0.02124558062484813,
    0.019092233511545355,
    0.015585627865105395,
    0.013409076406369133,
    0.012128965042176702,
    0.010869931961808885
  ],
  "metrics": {
    "both": {
      "optimistic": {
        "adjusted_arithmetic_mean_rank": 0.2897082897053461,
        "adjusted_arithmetic_mean_rank_index": 0.7104062936228422,
        "adjusted_geometric_mean_rank_index": 0.9273610082844634,
        "adjusted_hits_at_k": 0.09226788616097573,
        "adjusted_inverse_harmonic_mean_rank": 0.03586299621691061,
        "arithmetic_mean_rank": 1796.16525,
        "count": 4000.0,
        "geometric_mean_rank": 332.44477414029234,
        "harmonic_mean_rank": 27.29197668988582,
        "hits_at_1": 0.0065,
        "hits_at_10": 0.093,
        "hits_at_3": 0.0355,
        "hits_at_5": 0.0525,
        "inverse_arithmetic_mean_rank": 0.0005567416472398629,
        "inverse_geometric_mean_rank": 0.003008018407225731,
        "inverse_harmonic_mean_rank": 0.03664080514807825,
        "inverse_median_rank": 0.0022222222222222222,
        "median_absolute_deviation": 649.3797717054537,
        "median_rank": 450.0,
        "standard_deviation": 2733.5400758800733,
        "variance": 7472241.346442438,
        "z_arithmetic_mean_rank": 77.81472227275376,
        "z_geometric_mean_rank": 58.77389729307891,
        "z_hits_at_k": 205.39738147728482,
        "z_inverse_harmonic_mean_rank": 197.2513269246041
      },
      "pessimistic": {
        "adjusted_arithmetic_mean_rank": 0.28970881390652503,
        "adjusted_arithmetic_mean_rank_index": 0.7104057693371,
        "adjusted_geometric_mean_rank_index": 0.927360849440034,
        "adjusted_hits_at_k": 0.09226788616097573,
        "adjusted_inverse_harmonic_mean_rank": 0.03586299346824903,
        "arithmetic_mean_rank": 1796.1685,
        "count": 4000.0,
        "geometric_mean_rank": 332.4454989322362,
        "harmonic_mean_rank": 27.291978735580344,
        "hits_at_1": 0.0065,
        "hits_at_10": 0.093,
        "hits_at_3": 0.0355,
        "hits_at_5": 0.0525,
        "inverse_arithmetic_mean_rank": 0.0005567406398675848,
        "inverse_geometric_mean_rank": 0.0030080118491958717,
        "inverse_harmonic_mean_rank": 0.036640802401634136,
        "inverse_median_rank": 0.0022222222222222222,
        "median_absolute_deviation": 649.3797717054537,
        "median_rank": 450.0,
        "standard_deviation": 2733.5412125314206,
        "variance": 7472247.56060775,
        "z_arithmetic_mean_rank": 77.81466484484272,
        "z_geometric_mean_rank": 58.773887225903245,
        "z_hits_at_k": 205.39738147728482,
        "z_inverse_harmonic_mean_rank": 197.2513118065939
      },
      "realistic": {
        "adjusted_arithmetic_mean_rank": 0.28970855101837373,
        "adjusted_arithmetic_mean_rank_index": 0.71040603226766,
        "adjusted_geometric_mean_rank_index": 0.9273609438038043,
        "adjusted_hits_at_k": 0.09226788616097573,
        "adjusted_inverse_harmonic_mean_rank": 0.035862995329085275,
        "arithmetic_mean_rank": 1796.1668701171875,
        "count": 4000.0,
        "geometric_mean_rank": 332.445068359375,
        "harmonic_mean_rank": 27.291976928710938,
        "hits_at_1": 0.0065,
        "hits_at_10": 0.093,
        "hits_at_3": 0.0355,
        "hits_at_5": 0.0525,
        "inverse_arithmetic_mean_rank": 0.0005567411426454782,
        "inverse_geometric_mean_rank": 0.003008015686646104,
        "inverse_harmonic_mean_rank": 0.03664080426096916,
        "inverse_median_rank": 0.002222222276031971,
        "median_absolute_deviation": 649.3797607421875,
        "median_rank": 450.0,
        "standard_deviation": 2733.540771484375,
        "variance": 7472244.5,
        "z_arithmetic_mean_rank": 77.81469364507817,
        "z_geometric_mean_rank": 58.77389320645072,
        "z_hits_at_k": 205.39738147728482,
        "z_inverse_harmonic_mean_rank": 197.25132204144475
      }
    },
    "head": {
      "optimistic": {
        "adjusted_arithmetic_mean_rank": 0.30819297175579546,
        "adjusted_arithmetic_mean_rank_index": 0.6919186502203678,
        "adjusted_geometric_mean_rank_index": 0.9147120657371068,
        "adjusted_hits_at_k": 0.06524595303931258,
        "adjusted_inverse_harmonic_mean_rank": 0.026337457187068154,
        "arithmetic_mean_rank": 1910.4165,
        "count": 2000.0,
        "geometric_mean_rank": 390.1373689183234,
        "harmonic_mean_rank": 36.86896753401744,
        "hits_at_1": 0.004,
        "hits_at_10": 0.066,
        "hits_at_3": 0.023,
        "hits_at_5": 0.0345,
        "inverse_arithmetic_mean_rank": 0.0005234460652951856,
        "inverse_geometric_mean_rank": 0.002563199733397888,
        "inverse_harmonic_mean_rank": 0.027123081194973583,
        "inverse_median_rank": 0.00199203187250996,
        "median_absolute_deviation": 713.1316671011946,
        "median_rank": 502.0,
        "standard_deviation": 2833.9196419496,
        "variance": 8031100.53702775,
        "z_arithmetic_mean_rank": 53.591382935903084,
        "z_geometric_mean_rank": 41.000092470745386,
        "z_hits_at_k": 102.69346761715576,
        "z_inverse_harmonic_mean_rank": 102.42176319433975
      },
      "pessimistic": {
        "adjusted_arithmetic_mean_rank": 0.30819353638418995,
        "adjusted_arithmetic_mean_rank_index": 0.6919180855008714,
        "adjusted_geometric_mean_rank_index": 0.9147118598025947,
        "adjusted_hits_at_k": 0.06524595303931258,
        "adjusted_inverse_harmonic_mean_rank": 0.026337453196816255,
        "arithmetic_mean_rank": 1910.42,
        "count": 2000.0,
        "geometric_mean_rank": 390.13830852150267,
        "harmonic_mean_rank": 36.868972953673996,
        "hits_at_1": 0.004,
        "hits_at_10": 0.066,
        "hits_at_3": 0.023,
        "hits_at_5": 0.0345,
        "inverse_arithmetic_mean_rank": 0.0005234451063117011,
        "inverse_geometric_mean_rank": 0.002563193560226564,
        "inverse_harmonic_mean_rank": 0.027123077207941316,
        "inverse_median_rank": 0.00199203187250996,
        "median_absolute_deviation": 713.1316671011946,
        "median_rank": 502.0,
        "standard_deviation": 2833.92133758155,
        "variance": 8031110.147600001,
        "z_arithmetic_mean_rank": 53.5913391965144,
        "z_geometric_mean_rank": 41.00008324015322,
        "z_hits_at_k": 102.69346761715576,
        "z_inverse_harmonic_mean_rank": 102.42174767694821
      },
      "realistic": {
        "adjusted_arithmetic_mean_rank": 0.30819324808341936,
        "adjusted_arithmetic_mean_rank_index": 0.6919183738481589,
        "adjusted_geometric_mean_rank_index": 0.9147119875121181,
        "adjusted_hits_at_k": 0.06524595303931258,
        "adjusted_inverse_harmonic_mean_rank": 0.026337452829813975,
        "arithmetic_mean_rank": 1910.418212890625,
        "count": 2000.0,
        "geometric_mean_rank": 390.1377258300781,
        "harmonic_mean_rank": 36.86897277832031,
        "hits_at_1": 0.004,
        "hits_at_10": 0.066,
        "hits_at_3": 0.023,
        "hits_at_5": 0.0345,
        "inverse_arithmetic_mean_rank": 0.000523445603903383,
        "inverse_geometric_mean_rank": 0.002563197398558259,
        "inverse_harmonic_mean_rank": 0.02712307684123516,
        "inverse_median_rank": 0.0019920319318771362,
        "median_absolute_deviation": 713.1316528320312,
        "median_rank": 502.0,
        "standard_deviation": 2833.92041015625,
        "variance": 8031105.5,
        "z_arithmetic_mean_rank": 53.59136152996342,
        "z_geometric_mean_rank": 41.00008896447069,
        "z_hits_at_k": 102.69346761715576,