{
  "head.optimistic.count": 4925.0,
  "tail.optimistic.count": 4925.0,
  "both.optimistic.count": 9850.0,
  "head.realistic.count": 4925.0,
  "tail.realistic.count": 4925.0,
  "both.realistic.count": 9850.0,
  "head.pessimistic.count": 4925.0,
  "tail.pessimistic.count": 4925.0,
  "both.pessimistic.count": 9850.0,
  "head.optimistic.inverse_median_rank": 0.015873015873015872,
  "tail.optimistic.inverse_median_rank": 0.017857142857142856,
  "both.optimistic.inverse_median_rank": 0.016666666666666666,
  "head.realistic.inverse_median_rank": 0.01587301678955555,
  "tail.realistic.inverse_median_rank": 0.01785714365541935,
  "both.realistic.inverse_median_rank": 0.01666666753590107,
  "head.pessimistic.inverse_median_rank": 0.015873015873015872,
  "tail.pessimistic.inverse_median_rank": 0.017857142857142856,
  "both.pessimistic.inverse_median_rank": 0.016666666666666666,
  "head.optimistic.geometric_mean_rank": 94.83786626537108,
  "tail.optimistic.geometric_mean_rank": 88.79113592216092,
  "both.optimistic.geometric_mean_rank": 91.76470930666264,
  "head.realistic.geometric_mean_rank": 94.8379135131836,
  "tail.realistic.geometric_mean_rank": 88.7911605834961,
  "both.realistic.geometric_mean_rank": 91.76476287841797,
  "head.pessimistic.geometric_mean_rank": 94.83790864944704,
  "tail.pessimistic.geometric_mean_rank": 88.79128209890231,
  "both.pessimistic.geometric_mean_rank": 91.76480534803629,
  "head.optimistic.z_geometric_mean_rank": 69.59105252580154,
  "tail.optimistic.z_geometric_mean_rank": 69.63452142036046,
  "both.optimistic.z_geometric_mean_rank": 98.44039142993441,
  "head.realistic.z_geometric_mean_rank": 69.59105218820058,
  "tail.realistic.z_geometric_mean_rank": 69.63452124422864,
  "both.realistic.z_geometric_mean_rank": 98.4403908887295,
  "head.pessimistic.z_geometric_mean_rank": 69.59105222295355,
  "tail.pessimistic.z_geometric_mean_rank": 69.63452037636286,
  "both.pessimistic.z_geometric_mean_rank": 98.44039045968314,
  "head.optimistic.z_arithmetic_mean_rank": 108.7566518679449,
  "tail.optimistic.z_arithmetic_mean_rank": 105.48531371365618,
  "both.optimistic.z_arithmetic_mean_rank": 151.4914103702236,
  "head.realistic.z_arithmetic_mean_rank": 108.75664116476818,
  "tail.realistic.z_arithmetic_mean_rank": 105.4853029885848,
  "both.realistic.z_arithmetic_mean_rank": 151.4913944331171,
  "head.pessimistic.z_arithmetic_mean_rank": 108.75662970263525,
  "tail.pessimistic.z_arithmetic_mean_rank": 105.48529340480454,
  "both.pessimistic.z_arithmetic_mean_rank": 151.491380336759,
  "head.optimistic.median_rank": 63.0,
  "tail.optimistic.median_rank": 56.0,
  "both.optimistic.median_rank": 60.0,
  "head.realistic.median_rank": 63.0,
  "tail.realistic.median_rank": 56.0,
  "both.realistic.median_rank": 60.0,
  "head.pessimistic.median_rank": 63.0,
  "tail.pessimistic.median_rank": 56.0,
  "both.pessimistic.median_rank": 60.0,
  "head.optimistic.adjusted_arithmetic_mean_rank_index": 0.8947659883683159,
  "tail.optimistic.adjusted_arithmetic_mean_rank_index": 0.8678511911160969,
  "both.optimistic.adjusted_arithmetic_mean_rank_index": 0.8813054872234807,
  "head.realistic.adjusted_arithmetic_mean_rank_index": 0.8947659003108194,
  "tail.realistic.adjusted_arithmetic_mean_rank_index": 0.8678511028785437,
  "both.realistic.adjusted_arithmetic_mean_rank_index": 0.881305394508921,
  "head.pessimistic.adjusted_arithmetic_mean_rank_index": 0.8947658060092155,
  "tail.pessimistic.adjusted_arithmetic_mean_rank_index": 0.867851024030647,
  "both.pessimistic.adjusted_arithmetic_mean_rank_index": 0.8813053125029662,
  "head.optimistic.adjusted_arithmetic_mean_rank": 0.10530097378246193,
  "tail.optimistic.adjusted_arithmetic_mean_rank": 0.13221372685797558,
  "both.optimistic.adjusted_arithmetic_mean_rank": 0.11876045237119454,
  "head.realistic.adjusted_arithmetic_mean_rank": 0.1053010618333684,
  "tail.realistic.adjusted_arithmetic_mean_rank": 0.13221381508892827,
  "both.realistic.adjusted_arithmetic_mean_rank": 0.1187605450788173,
  "head.pessimistic.adjusted_arithmetic_mean_rank": 0.10530115612791498,
  "tail.pessimistic.adjusted_arithmetic_mean_rank": 0.13221389393092695,
  "both.pessimistic.adjusted_arithmetic_mean_rank": 0.11876062707863638,
  "head.optimistic.median_absolute_deviation": 85.99092867332492,
  "tail.optimistic.median_absolute_deviation": 80.06051979930251,
  "both.optimistic.median_absolute_deviation": 84.50832645481931,
  "head.realistic.median_absolute_deviation": 85.99092864990234,
  "tail.realistic.median_absolute_deviation": 80.0605239868164,
  "both.realistic.median_absolute_deviation": 84.50833129882812,
  "head.pessimistic.median_absolute_deviation": 85.99092867332492,
  "tail.pessimistic.median_absolute_deviation": 80.06051979930251,
  "both.pessimistic.median_absolute_deviation": 84.50832645481931,
  "head.optimistic.harmonic_mean_rank": 13.052667502385743,
  "tail.optimistic.harmonic_mean_rank": 8.853964745361361,
  "both.optimistic.harmonic_mean_rank": 10.550947000165431,
  "head.realistic.harmonic_mean_rank": 13.052668571472168,
  "tail.realistic.harmonic_mean_rank": 8.853965759277344,
  "both.realistic.harmonic_mean_rank": 10.550947189331055,
  "head.pessimistic.harmonic_mean_rank": 13.052667526806017,
  "tail.pessimistic.harmonic_mean_rank": 8.853965352839472,
  "both.pessimistic.harmonic_mean_rank": 10.550947439471908,
  "head.optimistic.variance": 13787710.9144302,
  "tail.optimistic.variance": 18005875.02268253,
  "both.optimistic.variance": 15929270.423929336,
  "head.realistic.variance": 13787728.0,
  "tail.realistic.variance": 18005892.0,
  "both.realistic.variance": 15929287.0,
  "head.pessimistic.variance": 13787744.036976991,
  "tail.pessimistic.variance": 18005910.79571918,
  "both.pessimistic.variance": 15929304.835129185,
  "head.optimistic.arithmetic_mean_rank": 1407.0594923857868,
  "tail.optimistic.arithmetic_mean_rank": 1767.4895431472082,
  "both.optimistic.arithmetic_mean_rank": 1587.2745177664974,
  "head.realistic.arithmetic_mean_rank": 1407.0606689453125,
  "tail.realistic.arithmetic_mean_rank": 1767.49072265625,
  "both.realistic.arithmetic_mean_rank": 1587.2757568359375,
  "head.pessimistic.arithmetic_mean_rank": 1407.0619289340102,
  "tail.pessimistic.arithmetic_mean_rank": 1767.4917766497463,
  "both.pessimistic.arithmetic_mean_rank": 1587.2768527918781,
  "head.optimistic.z_inverse_harmonic_mean_rank": 682.5954549950887,
  "tail.optimistic.z_inverse_harmonic_mean_rank": 1008.2401463334893,
  "both.optimistic.z_inverse_harmonic_mean_rank": 1195.5747303602955,
  "head.realistic.z_inverse_harmonic_mean_rank": 682.595421215183,
  "tail.realistic.z_inverse_harmonic_mean_rank": 1008.2400255691546,
  "both.realistic.z_inverse_harmonic_mean_rank": 1195.574668281231,
  "head.pessimistic.z_inverse_harmonic_mean_rank": 682.5954537112651,
  "tail.pessimistic.z_inverse_harmonic_mean_rank": 1008.2400769096398,
  "both.pessimistic.z_inverse_harmonic_mean_rank": 1195.5746803679826,
  "head.optimistic.inverse_geometric_mean_rank": 0.01054431145890445,
  "tail.optimistic.inverse_geometric_mean_rank": 0.011262385480422885,
  "both.optimistic.inverse_geometric_mean_rank": 0.010897435490785066,
  "head.realistic.inverse_geometric_mean_rank": 0.010544306598603725,
  "tail.realistic.inverse_geometric_mean_rank": 0.011262382380664349,
  "both.realistic.inverse_geometric_mean_rank": 0.01089742872864008,
  "head.pessimistic.inverse_geometric_mean_rank": 0.010544306746538853,
  "tail.pessimistic.inverse_geometric_mean_rank": 0.011262366939201596,
  "both.pessimistic.inverse_geometric_mean_rank": 0.010897424085490085,
  "head.optimistic.inverse_harmonic_mean_rank": 0.07661269237243819,
  "tail.optimistic.inverse_harmonic_mean_rank": 0.1129437521788084,
  "both.optimistic.inverse_harmonic_mean_rank": 0.0947782222756233,
  "head.realistic.inverse_harmonic_mean_rank": 0.076612688601017,
  "tail.realistic.inverse_harmonic_mean_rank": 0.11294373869895935,