{
  "losses": [
    0.9970815247529513,
    0.6023356304927305,
    0.34939340589108403,
    0.2012365111089372,
    0.11956084369645491,
    0.07643844939574793,
    0.051248599400187465,
    0.03652953303286007,
    0.026940374139260936,
    0.020752032571653655,
    0.016109793543718852,
    0.013463729033972343,
    0.01137262041825656,
    0.009434745755869074,
    0.008634594592640732,
    0.007477184164930473,
    0.0067307765840540655,
    0.006081765384546348,
    0.005723951619523638,
    0.005451011693697761
  ],
  "metrics": {
    "both": {
      "optimistic": {
        "adjusted_arithmetic_mean_rank": 0.11876045237119454,
        "adjusted_arithmetic_mean_rank_index": 0.8813054872234807,
        "adjusted_geometric_mean_rank_index": 0.9907712487785175,
        "adjusted_hits_at_k": 0.2239736343731083,
        "adjusted_inverse_harmonic_mean_rank": 0.09441331352331608,
        "arithmetic_mean_rank": 1587.2745177664974,
        "count": 9850.0,
        "geometric_mean_rank": 91.76470930666264,
        "harmonic_mean_rank": 10.550947000165431,
        "hits_at_1": 0.02598984771573604,
        "hits_at_10": 0.22426395939086294,
        "hits_at_3": 0.10862944162436548,
        "hits_at_5": 0.15380710659898478,
        "inverse_arithmetic_mean_rank": 0.0006300107440817046,
        "inverse_geometric_mean_rank": 0.010897435490785066,
        "inverse_harmonic_mean_rank": 0.0947782222756233,
        "inverse_median_rank": 0.016666666666666666,
        "median_absolute_deviation": 84.50832645481931,
        "median_rank": 60.0,
        "standard_deviation": 3991.149010489252,
        "variance": 15929270.423929336,
        "z_arithmetic_mean_rank": 151.4914103702236,
        "z_geometric_mean_rank": 98.44039142993441,
        "z_hits_at_k": 1149.0257642087727,
        "z_inverse_harmonic_mean_rank": 1195.5747303602955
      },
      "pessimistic": {
        "adjusted_arithmetic_mean_rank": 0.11876062707863638,
        "adjusted_arithmetic_mean_rank_index": 0.8813053125029662,
        "adjusted_geometric_mean_rank_index": 0.9907712390132469,
        "adjusted_hits_at_k": 0.2239736343731083,
        "adjusted_inverse_harmonic_mean_rank": 0.09441330957547427,
        "arithmetic_mean_rank": 1587.2768527918781,
        "count": 9850.0,
        "geometric_mean_rank": 91.76480534803629,
        "harmonic_mean_rank": 10.550947439471908,
        "hits_at_1": 0.02598984771573604,
        "hits_at_10": 0.22426395939086294,
        "hits_at_3": 0.10862944162436548,
        "hits_at_5": 0.15380710659898478,
        "inverse_arithmetic_mean_rank": 0.0006300098172798837,
        "inverse_geometric_mean_rank": 0.010897424085490085,
        "inverse_harmonic_mean_rank": 0.09477821832937228,
        "inverse_median_rank": 0.016666666666666666,
        "median_absolute_deviation": 84.50832645481931,
        "median_rank": 60.0,
        "standard_deviation": 3991.153321425924,
        "variance": 15929304.835129185,
        "z_arithmetic_mean_rank": 151.491380336759,
        "z_geometric_mean_rank": 98.44039045968314,
        "z_hits_at_k": 1149.0257642087727,
        "z_inverse_harmonic_mean_rank": 1195.5746803679826
      },
      "realistic": {
        "adjusted_arithmetic_mean_rank": 0.1187605450788173,
        "adjusted_arithmetic_mean_rank_index": 0.881305394508921,
        "adjusted_geometric_mean_rank_index": 0.990771243331462,
        "adjusted_hits_at_k": 0.2239736343731083,
        "adjusted_inverse_harmonic_mean_rank": 0.09441330862099585,
        "arithmetic_mean_rank": 1587.2757568359375,
        "count": 9850.0,
        "geometric_mean_rank": 91.76476287841797,
        "harmonic_mean_rank": 10.550947189331055,
        "hits_at_1": 0.02598984771573604,
        "hits_at_10": 0.22426395939086294,
        "hits_at_3": 0.10862944162436548,
        "hits_at_5": 0.15380710659898478,
        "inverse_arithmetic_mean_rank": 0.000630010268650949,
        "inverse_geometric_mean_rank": 0.01089742872864008,
        "inverse_harmonic_mean_rank": 0.09477821737527847,
        "inverse_median_rank": 0.01666666753590107,
        "median_absolute_deviation": 84.50833129882812,
        "median_rank": 60.0,
        "standard_deviation": 3991.151123046875,
        "variance": 15929287.0,
        "z_arithmetic_mean_rank": 151.4913944331171,
        "z_geometric_mean_rank": 98.4403908887295,
        "z_hits_at_k": 1149.0257642087727,
        "z_inverse_harmonic_mean_rank": 1195.574668281231
      }
    },
    "head": {
      "optimistic": {
        "adjusted_arithmetic_mean_rank": 0.10530097378246193,
        "adjusted_arithmetic_mean_rank_index": 0.8947659883683159,
        "adjusted_geometric_mean_rank_index": 0.9904570567418494,
        "adjusted_hits_at_k": 0.1885288315284109,
        "adjusted_inverse_harmonic_mean_rank": 0.07624038266941062,
        "arithmetic_mean_rank": 1407.0594923857868,
        "count": 4925.0,
        "geometric_mean_rank": 94.83786626537108,
        "harmonic_mean_rank": 13.052667502385743,
        "hits_at_1": 0.01583756345177665,
        "hits_at_10": 0.18883248730964466,
        "hits_at_3": 0.08081218274111675,
        "hits_at_5": 0.11979695431472082,
        "inverse_arithmetic_mean_rank": 0.000710702003299389,
        "inverse_geometric_mean_rank": 0.01054431145890445,
        "inverse_harmonic_mean_rank": 0.07661269237243819,
        "inverse_median_rank": 0.015873015873015872,
        "median_absolute_deviation": 85.99092867332492,
        "median_rank": 63.0,
        "standard_deviation": 3713.180700481758,
        "variance": 13787710.9144302,
        "z_arithmetic_mean_rank": 108.7566518679449,
        "z_geometric_mean_rank": 69.59105252580154,
        "z_hits_at_k": 683.8256565416073,
        "z_inverse_harmonic_mean_rank": 682.5954549950887
      },
      "pessimistic": {
        "adjusted_arithmetic_mean_rank": 0.10530115612791498,
        "adjusted_arithmetic_mean_rank_index": 0.8947658060092155,
        "adjusted_geometric_mean_rank_index": 0.9904570524315549,
        "adjusted_hits_at_k": 0.1885288315284109,
        "adjusted_inverse_harmonic_mean_rank": 0.07624038252601792,
        "arithmetic_mean_rank": 1407.0619289340102,
        "count": 4925.0,
        "geometric_mean_rank": 94.83790864944704,
        "harmonic_mean_rank": 13.052667526806017,
        "hits_at_1": 0.01583756345177665,
        "hits_at_10": 0.18883248730964466,
        "hits_at_3": 0.08081218274111675,
        "hits_at_5": 0.11979695431472082,
        "inverse_arithmetic_mean_rank": 0.0007107007726074998,
        "inverse_geometric_mean_rank": 0.010544306746538853,
        "inverse_harmonic_mean_rank": 0.07661269222910327,
        "inverse_median_rank": 0.015873015873015872,
        "median_absolute_deviation": 85.99092867332492,
        "median_rank": 63.0,
        "standard_deviation": 3713.185160610361,
        "variance": 13787744.036976991,
        "z_arithmetic_mean_rank": 108.75662970263525,
        "z_geometric_mean_rank": 69.59105222295355,
        "z_hits_at_k": 683.8256565416073,
        "z_inverse_harmonic_mean_rank": 682.5954537112651
      },
      "realistic": {
        "adjusted_arithmetic_mean_rank": 0.1053010618333684,
        "adjusted_arithmetic_mean_rank_index": 0.8947659003108194,
        "adjusted_geometric_mean_rank_index": 0.990457051936932,
        "adjusted_hits_at_k": 0.1885288315284109,
        "adjusted_inverse_harmonic_mean_rank": 0.0762403788964688,
        "arithmetic_mean_rank": 1407.0606689453125,
        "count": 4925.0,
        "geometric_mean_rank": 94.8379135131836,
        "harmonic_mean_rank": 13.052668571472168,
        "hits_at_1": 0.01583756345177665,
        "hits_at_10": 0.18883248730964466,
        "hits_at_3": 0.08081218274111675,
        "hits_at_5": 0.11979695431472082,
        "inverse_arithmetic_mean_rank": 0.0007107013952918351,
        "inverse_geometric_mean_rank": 0.010544306598603725,
        "inverse_harmonic_mean_rank": 0.076612688601017,
        "inverse_median_rank": 0.01587301678955555,