{
  "head.optimistic.count": 2000.0,
  "tail.optimistic.count": 2000.0,
  "both.optimistic.count": 4000.0,
  "head.realistic.count": 2000.0,
  "tail.realistic.count": 2000.0,
  "both.realistic.count": 4000.0,
  "head.pessimistic.count": 2000.0,
  "tail.pessimistic.count": 2000.0,
  "both.pessimistic.count": 4000.0,
  "head.optimistic.inverse_median_rank": 0.00016750418760469013,
  "tail.optimistic.inverse_median_rank": 0.0001687051876845213,
  "both.optimistic.inverse_median_rank": 0.00016810960746406657,
  "head.realistic.inverse_median_rank": 0.00016750418581068516,
  "tail.realistic.inverse_median_rank": 0.00016870518447831273,
  "both.realistic.inverse_median_rank": 0.00016810960369184613,
  "head.pessimistic.inverse_median_rank": 0.00016750418760469013,
  "tail.pessimistic.inverse_median_rank": 0.0001687051876845213,
  "both.pessimistic.inverse_median_rank": 0.00016810960746406657,
  "head.optimistic.geometric_mean_rank": 4549.636378455238,
  "tail.optimistic.geometric_mean_rank": 4530.977936453117,
  "both.optimistic.geometric_mean_rank": 4540.297572810088,
  "head.realistic.geometric_mean_rank": 4549.63818359375,
  "tail.realistic.geometric_mean_rank": 4530.97998046875,
  "both.realistic.geometric_mean_rank": 4540.296875,
  "head.pessimistic.geometric_mean_rank": 4549.636378455238,
  "tail.pessimistic.geometric_mean_rank": 4530.977936453117,
  "both.pessimistic.geometric_mean_rank": 4540.297572810088,
  "head.optimistic.z_geometric_mean_rank": 0.13748168113708203,
  "tail.optimistic.z_geometric_mean_rank": 0.3371868567235694,
  "both.optimistic.z_geometric_mean_rank": 0.3278926752774538,
  "head.realistic.z_geometric_mean_rank": 0.13746394758977942,
  "tail.realistic.z_geometric_mean_rank": 0.3371667838788852,
  "both.realistic.z_geometric_mean_rank": 0.3279023676820074,
  "head.pessimistic.z_geometric_mean_rank": 0.13748168113708203,
  "tail.pessimistic.z_geometric_mean_rank": 0.3371868567235694,
  "both.pessimistic.z_geometric_mean_rank": 0.3278926752774538,
  "head.optimistic.z_arithmetic_mean_rank": 1.326681267925963,
  "tail.optimistic.z_arithmetic_mean_rank": 1.370565535992469,
  "both.optimistic.z_arithmetic_mean_rank": 1.9072471885942832,
  "head.realistic.z_arithmetic_mean_rank": 1.3266820978027454,
  "tail.realistic.z_arithmetic_mean_rank": 1.370567487924589,
  "both.realistic.z_arithmetic_mean_rank": 1.90724484178061,
  "head.pessimistic.z_arithmetic_mean_rank": 1.326681267925963,
  "tail.pessimistic.z_arithmetic_mean_rank": 1.370565535992469,
  "both.pessimistic.z_arithmetic_mean_rank": 1.9072471885942832,
  "head.optimistic.median_rank": 5970.0,
  "tail.optimistic.median_rank": 5927.5,
  "both.optimistic.median_rank": 5948.5,
  "head.realistic.median_rank": 5970.0,
  "tail.realistic.median_rank": 5927.5,
  "both.realistic.median_rank": 5948.5,
  "head.pessimistic.median_rank": 5970.0,
  "tail.pessimistic.median_rank": 5927.5,
  "both.pessimistic.median_rank": 5948.5,
  "head.optimistic.adjusted_arithmetic_mean_rank_index": 0.017128789403958455,
  "tail.optimistic.adjusted_arithmetic_mean_rank_index": 0.01769537506720198,
  "both.optimistic.adjusted_arithmetic_mean_rank_index": 0.017412134448319683,
  "head.realistic.adjusted_arithmetic_mean_rank_index": 0.017128800118502485,
  "tail.realistic.adjusted_arithmetic_mean_rank_index": 0.017695400268602612,
  "both.realistic.adjusted_arithmetic_mean_rank_index": 0.01741211302318113,
  "head.pessimistic.adjusted_arithmetic_mean_rank_index": 0.017128789403958455,
  "tail.pessimistic.adjusted_arithmetic_mean_rank_index": 0.01769537506720198,
  "both.pessimistic.adjusted_arithmetic_mean_rank_index": 0.017412134448319683,
  "head.optimistic.adjusted_arithmetic_mean_rank": 0.9828739738534303,
  "tail.optimistic.adjusted_arithmetic_mean_rank": 0.9823074785412428,
  "both.optimistic.adjusted_arithmetic_mean_rank": 0.9825906740013434,
  "head.realistic.adjusted_arithmetic_mean_rank": 0.9828739631406148,
  "tail.realistic.adjusted_arithmetic_mean_rank": 0.9823074533439062,
  "both.realistic.adjusted_arithmetic_mean_rank": 0.9825906954230262,
  "head.pessimistic.adjusted_arithmetic_mean_rank": 0.9828739738534303,
  "tail.pessimistic.adjusted_arithmetic_mean_rank": 0.9823074785412428,
  "both.pessimistic.adjusted_arithmetic_mean_rank": 0.9825906740013434,
  "head.optimistic.median_absolute_deviation": 4404.06989007089,
  "tail.optimistic.median_absolute_deviation": 4439.652343315025,
  "both.optimistic.median_absolute_deviation": 4432.239332222497,
  "head.realistic.median_absolute_deviation": 4404.06982421875,
  "tail.realistic.median_absolute_deviation": 4439.65234375,
  "both.realistic.median_absolute_deviation": 4432.2392578125,
  "head.pessimistic.median_absolute_deviation": 4404.06989007089,
  "tail.pessimistic.median_absolute_deviation": 4439.652343315025,
  "both.pessimistic.median_absolute_deviation": 4432.239332222497,
  "head.optimistic.harmonic_mean_rank": 959.9852154293859,
  "tail.optimistic.harmonic_mean_rank": 950.3462739582907,
  "both.optimistic.harmonic_mean_rank": 955.1414271360742,
  "head.realistic.harmonic_mean_rank": 959.9851684570312,
  "tail.realistic.harmonic_mean_rank": 950.3462524414062,
  "both.realistic.harmonic_mean_rank": 955.1414184570312,
  "head.pessimistic.harmonic_mean_rank": 959.9852154293859,
  "tail.pessimistic.harmonic_mean_rank": 950.3462739582907,
  "both.pessimistic.harmonic_mean_rank": 955.1414271360742,
  "head.optimistic.variance": 12223600.027551,
  "tail.optimistic.variance": 12276593.059400002,
  "both.optimistic.variance": 12250096.944797749,
  "head.realistic.variance": 12223601.0,
  "tail.realistic.variance": 12276594.0,
  "both.realistic.variance": 12250098.0,
  "head.pessimistic.variance": 12223600.027551,
  "tail.pessimistic.variance": 12276593.059400002,
  "both.pessimistic.variance": 12250096.944797749,
  "head.optimistic.arithmetic_mean_rank": 6092.607,
  "tail.optimistic.arithmetic_mean_rank": 6091.34,
  "both.optimistic.arithmetic_mean_rank": 6091.9735,
  "head.realistic.arithmetic_mean_rank": 6092.60693359375,
  "tail.realistic.arithmetic_mean_rank": 6091.33984375,
  "both.realistic.arithmetic_mean_rank": 6091.9736328125,
  "head.pessimistic.arithmetic_mean_rank": 6092.607,
  "tail.pessimistic.arithmetic_mean_rank": 6091.34,
  "both.pessimistic.arithmetic_mean_rank": 6091.9735,
  "head.optimistic.z_inverse_harmonic_mean_rank": 0.9138632999212293,
  "tail.optimistic.z_inverse_harmonic_mean_rank": 0.9562016358066399,
  "both.optimistic.z_inverse_harmonic_mean_rank": 1.322332840889965,
  "head.realistic.z_inverse_harmonic_mean_rank": 0.9138636000255236,
  "tail.realistic.z_inverse_harmonic_mean_rank": 0.9562017259161473,
  "both.realistic.z_inverse_harmonic_mean_rank": 1.3223327964179425,
  "head.pessimistic.z_inverse_harmonic_mean_rank": 0.9138632999212293,
  "tail.pessimistic.z_inverse_harmonic_mean_rank": 0.9562016358066399,
  "both.pessimistic.z_inverse_harmonic_mean_rank": 1.322332840889965,
  "head.optimistic.inverse_geometric_mean_rank": 0.0002197977853209305,
  "tail.optimistic.inverse_geometric_mean_rank": 0.00022070290653033005,
  "both.optimistic.inverse_geometric_mean_rank": 0.00022024988097444864,
  "head.realistic.inverse_geometric_mean_rank": 0.0002197977009927854,
  "tail.realistic.inverse_geometric_mean_rank": 0.00022070280101615936,
  "both.realistic.inverse_geometric_mean_rank": 0.00022024991631042212,
  "head.pessimistic.inverse_geometric_mean_rank": 0.0002197977853209305,
  "tail.pessimistic.inverse_geometric_mean_rank": 0.00022070290653033005,
  "both.pessimistic.inverse_geometric_mean_rank": 0.00022024988097444864,
  "head.optimistic.inverse_harmonic_mean_rank": 0.0010416827091995538,
  "tail.optimistic.inverse_harmonic_mean_rank": 0.0010522480356921866,
  "both.optimistic.inverse_harmonic_mean_rank": 0.0010469653724458703,
  "head.realistic.inverse_harmonic_mean_rank": 0.001041682786308229,
  "tail.realistic.inverse_harmonic_mean_rank": 0.0010522480588406324,