{
  "losses": [
    11.834885733468193,
    10.902808113703651,
    10.116192136492048,
    9.331168235294403,
    8.610652227250357,
    7.964997753264412,
    7.355758243136936,
    6.832203441196018,
    6.231639233846513,
    5.813244024912517,
    5.3613940799047075,
    5.026375649467347,
    4.629385774097745,
    4.308997971670968,
    3.9687977745419456,
    3.686749723222521,
    3.414943914564829,
    3.1765976141369534,
    2.980240912664504,
    2.75816848164513
  ],
  "metrics": {
    "both": {
      "optimistic": {
        "adjusted_arithmetic_mean_rank": 0.9825906740013434,
        "adjusted_arithmetic_mean_rank_index": 0.017412134448319683,
        "adjusted_geometric_mean_rank_index": 0.005173638229877819,
        "adjusted_hits_at_k": 0.00019362544081009416,
        "adjusted_inverse_harmonic_mean_rank": 0.00024041824412395461,
        "arithmetic_mean_rank": 6091.9735,
        "count": 4000.0,
        "geometric_mean_rank": 4540.297572810088,
        "harmonic_mean_rank": 955.1414271360742,
        "hits_at_1": 0.0005,
        "hits_at_10": 0.001,
        "hits_at_3": 0.0005,
        "hits_at_5": 0.0005,
        "inverse_arithmetic_mean_rank": 0.0001641504185794636,
        "inverse_geometric_mean_rank": 0.00022024988097444864,
        "inverse_harmonic_mean_rank": 0.0010469653724458703,
        "inverse_median_rank": 0.00016810960746406657,
        "median_absolute_deviation": 4432.239332222497,
        "median_rank": 5948.5,
        "standard_deviation": 3500.013849229421,
        "variance": 12250096.944797749,
        "z_arithmetic_mean_rank": 1.9072471885942832,
        "z_geometric_mean_rank": 0.3278926752774538,
        "z_hits_at_k": 0.431029258223095,
        "z_inverse_harmonic_mean_rank": 1.322332840889965
      },
      "pessimistic": {
        "adjusted_arithmetic_mean_rank": 0.9825906740013434,
        "adjusted_arithmetic_mean_rank_index": 0.017412134448319683,
        "adjusted_geometric_mean_rank_index": 0.005173638229877819,
        "adjusted_hits_at_k": 0.00019362544081009416,
        "adjusted_inverse_harmonic_mean_rank": 0.00024041824412395461,
        "arithmetic_mean_rank": 6091.9735,
        "count": 4000.0,
        "geometric_mean_rank": 4540.297572810088,
        "harmonic_mean_rank": 955.1414271360742,
        "hits_at_1": 0.0005,
        "hits_at_10": 0.001,
        "hits_at_3": 0.0005,
        "hits_at_5": 0.0005,
        "inverse_arithmetic_mean_rank": 0.0001641504185794636,
        "inverse_geometric_mean_rank": 0.00022024988097444864,
        "inverse_harmonic_mean_rank": 0.0010469653724458703,
        "inverse_median_rank": 0.00016810960746406657,
        "median_absolute_deviation": 4432.239332222497,
        "median_rank": 5948.5,
        "standard_deviation": 3500.013849229421,
        "variance": 12250096.944797749,
        "z_arithmetic_mean_rank": 1.9072471885942832,
        "z_geometric_mean_rank": 0.3278926752774538,
        "z_hits_at_k": 0.431029258223095,
        "z_inverse_harmonic_mean_rank": 1.322332840889965
      },
      "realistic": {
        "adjusted_arithmetic_mean_rank": 0.9825906954230262,
        "adjusted_arithmetic_mean_rank_index": 0.01741211302318113,
        "adjusted_geometric_mean_rank_index": 0.005173791160999919,
        "adjusted_hits_at_k": 0.00019362544081009416,
        "adjusted_inverse_harmonic_mean_rank": 0.00024041823603833108,
        "arithmetic_mean_rank": 6091.9736328125,
        "count": 4000.0,
        "geometric_mean_rank": 4540.296875,
        "harmonic_mean_rank": 955.1414184570312,
        "hits_at_1": 0.0005,
        "hits_at_10": 0.001,
        "hits_at_3": 0.0005,
        "hits_at_5": 0.0005,
        "inverse_arithmetic_mean_rank": 0.00016415042045991868,
        "inverse_geometric_mean_rank": 0.00022024991631042212,
        "inverse_harmonic_mean_rank": 0.0010469653643667698,
        "inverse_median_rank": 0.00016810960369184613,
        "median_absolute_deviation": 4432.2392578125,
        "median_rank": 5948.5,
        "standard_deviation": 3500.013916015625,
        "variance": 12250098.0,
        "z_arithmetic_mean_rank": 1.90724484178061,
        "z_geometric_mean_rank": 0.3279023676820074,
        "z_hits_at_k": 0.431029258223095,
        "z_inverse_harmonic_mean_rank": 1.3223327964179425
      }
    },
    "head": {
      "optimistic": {
        "adjusted_arithmetic_mean_rank": 0.9828739738534303,
        "adjusted_arithmetic_mean_rank_index": 0.017128789403958455,
        "adjusted_geometric_mean_rank_index": 0.003067216315271626,
        "adjusted_hits_at_k": 0.00019347653776581022,
        "adjusted_inverse_harmonic_mean_rank": 0.0002349972777840086,
        "arithmetic_mean_rank": 6092.607,
        "count": 2000.0,
        "geometric_mean_rank": 4549.636378455238,
        "harmonic_mean_rank": 959.9852154293859,
        "hits_at_1": 0.0005,
        "hits_at_10": 0.001,
        "hits_at_3": 0.0005,
        "hits_at_5": 0.0005,
        "inverse_arithmetic_mean_rank": 0.00016413335046885512,
        "inverse_geometric_mean_rank": 0.0002197977853209305,
        "inverse_harmonic_mean_rank": 0.0010416827091995538,
        "inverse_median_rank": 0.00016750418760469013,
        "median_absolute_deviation": 4404.06989007089,
        "median_rank": 5970.0,
        "standard_deviation": 3496.2265412228367,
        "variance": 12223600.027551,
        "z_arithmetic_mean_rank": 1.326681267925963,
        "z_geometric_mean_rank": 0.13748168113708203,
        "z_hits_at_k": 0.3045212099785124,
        "z_inverse_harmonic_mean_rank": 0.9138632999212293
      },
      "pessimistic": {
        "adjusted_arithmetic_mean_rank": 0.9828739738534303,
        "adjusted_arithmetic_mean_rank_index": 0.017128789403958455,
        "adjusted_geometric_mean_rank_index": 0.003067216315271626,
        "adjusted_hits_at_k": 0.00019347653776581022,
        "adjusted_inverse_harmonic_mean_rank": 0.0002349972777840086,
        "arithmetic_mean_rank": 6092.607,
        "count": 2000.0,
        "geometric_mean_rank": 4549.636378455238,
        "harmonic_mean_rank": 959.9852154293859,
        "hits_at_1": 0.0005,
        "hits_at_10": 0.001,
        "hits_at_3": 0.0005,
        "hits_at_5": 0.0005,
        "inverse_arithmetic_mean_rank": 0.00016413335046885512,
        "inverse_geometric_mean_rank": 0.0002197977853209305,
        "inverse_harmonic_mean_rank": 0.0010416827091995538,
        "inverse_median_rank": 0.00016750418760469013,
        "median_absolute_deviation": 4404.06989007089,
        "median_rank": 5970.0,
        "standard_deviation": 3496.2265412228367,
        "variance": 12223600.027551,
        "z_arithmetic_mean_rank": 1.326681267925963,
        "z_geometric_mean_rank": 0.13748168113708203,
        "z_hits_at_k": 0.3045212099785124,
        "z_inverse_harmonic_mean_rank": 0.9138632999212293
      },
      "realistic": {
        "adjusted_arithmetic_mean_rank": 0.9828739631406148,
        "adjusted_arithmetic_mean_rank_index": 0.017128800118502485,
        "adjusted_geometric_mean_rank_index": 0.0030668206798301068,
        "adjusted_hits_at_k": 0.00019347653776581022,
        "adjusted_inverse_harmonic_mean_rank": 0.0002349973549549512,
        "arithmetic_mean_rank": 6092.60693359375,
        "count": 2000.0,
        "geometric_mean_rank": 4549.63818359375,
        "harmonic_mean_rank": 959.9851684570312,
        "hits_at_1": 0.0005,
        "hits_at_10": 0.001,
        "hits_at_3": 0.0005,
        "hits_at_5": 0.0005,
        "inverse_arithmetic_mean_rank": 0.0001641333510633558,
        "inverse_geometric_mean_rank": 0.0002197977009927854,
        "inverse_harmonic_mean_rank": 0.001041682786308229,
        "inverse_median_rank": 0.00016750418581068516,
        "median_absolute_deviation": 4404.06982421875,
        "median_rank": 5970.0,
        "standard_deviation": 3496.2265625,
        "variance": 12223601.0,
        "z_arithmetic_mean_rank": 1.3266820978027454,
        "z_geometric_mean_rank": 0.13746394758977942,