{
  "head.optimistic.count": 4925.0,
  "tail.optimistic.count": 4925.0,
  "both.optimistic.count": 9850.0,
  "head.realistic.count": 4925.0,
  "tail.realistic.count": 4925.0,
  "both.realistic.count": 9850.0,
  "head.pessimistic.count": 4925.0,
  "tail.pessimistic.count": 4925.0,
  "both.pessimistic.count": 9850.0,
  "head.optimistic.inverse_median_rank": 8.161932745674175e-05,
  "tail.optimistic.inverse_median_rank": 8.165931732810714e-05,
  "both.optimistic.inverse_median_rank": 8.163598514225071e-05,
  "head.realistic.inverse_median_rank": 8.161932782968506e-05,
  "tail.realistic.inverse_median_rank": 8.165931649273261e-05,
  "both.realistic.inverse_median_rank": 8.163598249666393e-05,
  "head.pessimistic.inverse_median_rank": 8.161932745674175e-05,
  "tail.pessimistic.inverse_median_rank": 8.165931732810714e-05,
  "both.pessimistic.inverse_median_rank": 8.163598514225071e-05,
  "head.optimistic.geometric_mean_rank": 8743.050486558996,
  "tail.optimistic.geometric_mean_rank": 8726.835706016867,
  "both.optimistic.geometric_mean_rank": 8734.939333825461,
  "head.realistic.geometric_mean_rank": 8743.0517578125,
  "tail.realistic.geometric_mean_rank": 8726.8486328125,
  "both.realistic.geometric_mean_rank": 8734.94140625,
  "head.pessimistic.geometric_mean_rank": 8743.050486558996,
  "tail.pessimistic.geometric_mean_rank": 8726.835884543278,
  "both.pessimistic.geometric_mean_rank": 8734.939423171554,
  "head.optimistic.z_geometric_mean_rank": 7.796764844315653,
  "tail.optimistic.z_geometric_mean_rank": 7.941411871810132,
  "both.optimistic.z_geometric_mean_rank": 11.123323885321199,
  "head.realistic.z_geometric_mean_rank": 7.796755760796522,
  "tail.realistic.z_geometric_mean_rank": 7.941319548343564,
  "both.realistic.z_geometric_mean_rank": 11.123302948797146,
  "head.pessimistic.z_geometric_mean_rank": 7.796764844315653,
  "tail.pessimistic.z_geometric_mean_rank": 7.941410596770474,
  "both.pessimistic.z_geometric_mean_rank": 11.12332298270853,
  "head.optimistic.z_arithmetic_mean_rank": 7.89201945381177,
  "tail.optimistic.z_arithmetic_mean_rank": 7.775111848489885,
  "both.optimistic.z_arithmetic_mean_rank": 11.078315469644792,
  "head.realistic.z_arithmetic_mean_rank": 7.892023699998219,
  "tail.realistic.z_arithmetic_mean_rank": 7.7751141040272955,
  "both.realistic.z_arithmetic_mean_rank": 11.078313786383347,
  "head.pessimistic.z_arithmetic_mean_rank": 7.89201945381177,
  "tail.pessimistic.z_arithmetic_mean_rank": 7.775108155971395,
  "both.pessimistic.z_arithmetic_mean_rank": 11.078312858039169,
  "head.optimistic.median_rank": 12252.0,
  "tail.optimistic.median_rank": 12246.0,
  "both.optimistic.median_rank": 12249.5,
  "head.realistic.median_rank": 12252.0,
  "tail.realistic.median_rank": 12246.0,
  "both.realistic.median_rank": 12249.5,
  "head.pessimistic.median_rank": 12252.0,
  "tail.pessimistic.median_rank": 12246.0,
  "both.pessimistic.median_rank": 12249.5,
  "head.optimistic.adjusted_arithmetic_mean_rank_index": 0.06492945916895387,
  "tail.optimistic.adjusted_arithmetic_mean_rank_index": 0.06396757843551126,
  "both.optimistic.adjusted_arithmetic_mean_rank_index": 0.06444840792445194,
  "head.realistic.adjusted_arithmetic_mean_rank_index": 0.06492949410330628,
  "tail.realistic.adjusted_arithmetic_mean_rank_index": 0.06396759699232035,
  "both.realistic.adjusted_arithmetic_mean_rank_index": 0.06444839813203174,
  "head.pessimistic.adjusted_arithmetic_mean_rank_index": 0.06492945916895387,
  "tail.pessimistic.adjusted_arithmetic_mean_rank_index": 0.06396754805633853,
  "both.pessimistic.adjusted_arithmetic_mean_rank_index": 0.06444839273136371,
  "head.optimistic.adjusted_arithmetic_mean_rank": 0.9350753999967847,
  "tail.optimistic.adjusted_arithmetic_mean_rank": 0.936037206538734,
  "both.optimistic.adjusted_arithmetic_mean_rank": 0.9355564141286925,
  "head.realistic.adjusted_arithmetic_mean_rank": 0.9350753650650466,
  "tail.realistic.adjusted_arithmetic_mean_rank": 0.936037187983313,
  "both.realistic.adjusted_arithmetic_mean_rank": 0.9355564239203801,
  "head.pessimistic.adjusted_arithmetic_mean_rank": 0.9350753999967847,
  "tail.pessimistic.adjusted_arithmetic_mean_rank": 0.9360372369156343,
  "both.pessimistic.adjusted_arithmetic_mean_rank": 0.935556429320644,
  "head.optimistic.median_absolute_deviation": 9619.123193664345,
  "tail.optimistic.median_absolute_deviation": 9660.636055782503,
  "both.optimistic.median_absolute_deviation": 9633.20791474015,
  "head.realistic.median_absolute_deviation": 9619.123046875,
  "tail.realistic.median_absolute_deviation": 9660.63671875,
  "both.realistic.median_absolute_deviation": 9633.2080078125,
  "head.pessimistic.median_absolute_deviation": 9619.123193664345,
  "tail.pessimistic.median_absolute_deviation": 9660.636055782503,
  "both.pessimistic.median_absolute_deviation": 9633.20791474015,
  "head.optimistic.harmonic_mean_rank": 570.5843325287435,
  "tail.optimistic.harmonic_mean_rank": 659.6086713375562,
  "both.optimistic.harmonic_mean_rank": 611.8753273388228,
  "head.realistic.harmonic_mean_rank": 570.5843505859375,
  "tail.realistic.harmonic_mean_rank": 659.608642578125,
  "both.realistic.harmonic_mean_rank": 611.8754272460938,
  "head.pessimistic.harmonic_mean_rank": 570.5843325287435,
  "tail.pessimistic.harmonic_mean_rank": 659.6086718029801,
  "both.pessimistic.harmonic_mean_rank": 611.8753275390724,
  "head.optimistic.variance": 58038368.75324935,
  "tail.optimistic.variance": 58750666.56180468,
  "both.optimistic.variance": 58394604.33268186,
  "head.realistic.variance": 58038368.0,
  "tail.realistic.variance": 58750668.0,
  "both.realistic.variance": 58394604.0,
  "head.pessimistic.variance": 58038368.75324935,
  "tail.pessimistic.variance": 58750673.15847867,
  "both.pessimistic.variance": 58394607.634799555,
  "head.optimistic.arithmetic_mean_rank": 12494.725076142133,
  "tail.optimistic.arithmetic_mean_rank": 12513.34497461929,
  "both.optimistic.arithmetic_mean_rank": 12504.03502538071,
  "head.realistic.arithmetic_mean_rank": 12494.724609375,
  "tail.realistic.arithmetic_mean_rank": 12513.3447265625,
  "both.realistic.arithmetic_mean_rank": 12504.03515625,
  "head.pessimistic.arithmetic_mean_rank": 12494.725076142133,
  "tail.pessimistic.arithmetic_mean_rank": 12513.34538071066,
  "both.pessimistic.arithmetic_mean_rank": 12504.035228426395,
  "head.optimistic.z_inverse_harmonic_mean_rank": 12.087680722731228,
  "tail.optimistic.z_inverse_harmonic_mean_rank": 9.97286368721987,
  "both.optimistic.z_inverse_harmonic_mean_rank": 15.599333070174039,
  "head.realistic.z_inverse_harmonic_mean_rank": 12.08768018594597,
  "tail.realistic.z_inverse_harmonic_mean_rank": 9.972863787259088,
  "both.realistic.z_inverse_harmonic_mean_rank": 15.599329074333868,
  "head.pessimistic.z_inverse_harmonic_mean_rank": 12.087680722731228,
  "tail.pessimistic.z_inverse_harmonic_mean_rank": 9.97286367763625,
  "both.pessimistic.z_inverse_harmonic_mean_rank": 15.599333063398179,
  "head.optimistic.inverse_geometric_mean_rank": 0.00011437655558976078,
  "tail.optimistic.inverse_geometric_mean_rank": 0.00011458907142144692,
  "both.optimistic.inverse_geometric_mean_rank": 0.00011448276419362957,
  "head.realistic.inverse_geometric_mean_rank": 0.0001143765402957797,
  "tail.realistic.inverse_geometric_mean_rank": 0.00011458890367066488,
  "both.realistic.inverse_geometric_mean_rank": 0.00011448274017311633,
  "head.pessimistic.inverse_geometric_mean_rank": 0.00011437655558976078,
  "tail.pessimistic.inverse_geometric_mean_rank": 0.00011458906907727822,
  "both.pessimistic.inverse_geometric_mean_rank": 0.00011448276302263259,
  "head.optimistic.inverse_harmonic_mean_rank": 0.0017525893071198629,
  "tail.optimistic.inverse_harmonic_mean_rank": 0.0015160504151229507,
  "both.optimistic.inverse_harmonic_mean_rank": 0.0016343198611214066,
  "head.realistic.inverse_harmonic_mean_rank": 0.0017525892471894622,
  "tail.realistic.inverse_harmonic_mean_rank": 0.0015160504262894392,