{
  "losses": [
    11.746070552181887,
    10.577723007697564,
    9.411610355624905,
    8.387121469943555,
    7.526563282136793,
    6.7133411896693245,
    6.013736117969859,
    5.384436387520332,
    4.814694104256568,
    4.339964857349148,
    3.897279674356634,
    3.5032512057911265,
    3.1660548030556024,
    2.8569813610671404,
    2.5532882414854967,
    2.3417975600663716,
    2.1119740644058624,
    1.9133975335529871,
    1.7313816013274255,
    1.5814984974923072
  ],
  "metrics": {
    "both": {
      "optimistic": {
        "adjusted_arithmetic_mean_rank": 0.9355564141286925,
        "adjusted_arithmetic_mean_rank_index": 0.06444840792445194,
        "adjusted_geometric_mean_rank_index": 0.11195271916682314,
        "adjusted_hits_at_k": 0.0022663243137567984,
        "adjusted_inverse_harmonic_mean_rank": 0.001231863376256823,
        "arithmetic_mean_rank": 12504.03502538071,
        "count": 9850.0,
        "geometric_mean_rank": 8734.939333825461,
        "harmonic_mean_rank": 611.8753273388228,
        "hits_at_1": 0.0006091370558375635,
        "hits_at_10": 0.0026395939086294416,
        "hits_at_3": 0.0015228426395939086,
        "hits_at_5": 0.0019289340101522842,
        "inverse_arithmetic_mean_rank": 7.997418417096548e-05,
        "inverse_geometric_mean_rank": 0.00011448276419362957,
        "inverse_harmonic_mean_rank": 0.0016343198611214066,
        "inverse_median_rank": 8.163598514225071e-05,
        "median_absolute_deviation": 9633.20791474015,
        "median_rank": 12249.5,
        "standard_deviation": 7641.636233993467,
        "variance": 58394604.33268186,
        "z_arithmetic_mean_rank": 11.078315469644792,
        "z_geometric_mean_rank": 11.123323885321199,
        "z_hits_at_k": 11.62665879779994,
        "z_inverse_harmonic_mean_rank": 15.599333070174039
      },
      "pessimistic": {
        "adjusted_arithmetic_mean_rank": 0.935556429320644,
        "adjusted_arithmetic_mean_rank_index": 0.06444839273136371,
        "adjusted_geometric_mean_rank_index": 0.11195271008231356,
        "adjusted_hits_at_k": 0.0022663243137567984,
        "adjusted_inverse_harmonic_mean_rank": 0.0012318633757217403,
        "arithmetic_mean_rank": 12504.035228426395,
        "count": 9850.0,
        "geometric_mean_rank": 8734.939423171554,
        "harmonic_mean_rank": 611.8753275390724,
        "hits_at_1": 0.0006091370558375635,
        "hits_at_10": 0.0026395939086294416,
        "hits_at_3": 0.0015228426395939086,
        "hits_at_5": 0.0019289340101522842,
        "inverse_arithmetic_mean_rank": 7.997418287231167e-05,
        "inverse_geometric_mean_rank": 0.00011448276302263259,
        "inverse_harmonic_mean_rank": 0.0016343198605865395,
        "inverse_median_rank": 8.163598514225071e-05,
        "median_absolute_deviation": 9633.20791474015,
        "median_rank": 12249.5,
        "standard_deviation": 7641.6364500543705,
        "variance": 58394607.634799555,
        "z_arithmetic_mean_rank": 11.078312858039169,
        "z_geometric_mean_rank": 11.12332298270853,
        "z_hits_at_k": 11.62665879779994,
        "z_inverse_harmonic_mean_rank": 15.599333063398179
      },
      "realistic": {
        "adjusted_arithmetic_mean_rank": 0.9355564239203801,
        "adjusted_arithmetic_mean_rank_index": 0.06444839813203174,
        "adjusted_geometric_mean_rank_index": 0.11195250844736349,
        "adjusted_hits_at_k": 0.0022663243137567984,
        "adjusted_inverse_harmonic_mean_rank": 0.0012318630607094118,
        "arithmetic_mean_rank": 12504.03515625,
        "count": 9850.0,
        "geometric_mean_rank": 8734.94140625,
        "harmonic_mean_rank": 611.8754272460938,
        "hits_at_1": 0.0006091370558375635,
        "hits_at_10": 0.0026395939086294416,
        "hits_at_3": 0.0015228426395939086,
        "hits_at_5": 0.0019289340101522842,
        "inverse_arithmetic_mean_rank": 7.997418288141489e-05,
        "inverse_geometric_mean_rank": 0.00011448274017311633,
        "inverse_harmonic_mean_rank": 0.0016343195457011461,
        "inverse_median_rank": 8.163598249666393e-05,
        "median_absolute_deviation": 9633.2080078125,
        "median_rank": 12249.5,
        "standard_deviation": 7641.63623046875,
        "variance": 58394604.0,
        "z_arithmetic_mean_rank": 11.078313786383347,
        "z_geometric_mean_rank": 11.123302948797146,
        "z_hits_at_k": 11.62665879779994,
        "z_inverse_harmonic_mean_rank": 15.599329074333868
      }
    },
    "head": {
      "optimistic": {
        "adjusted_arithmetic_mean_rank": 0.9350753999967847,
        "adjusted_arithmetic_mean_rank_index": 0.06492945916895387,
        "adjusted_geometric_mean_rank_index": 0.11096772472216965,
        "adjusted_hits_at_k": 0.002266237914281458,
        "adjusted_inverse_harmonic_mean_rank": 0.0013500960153526329,
        "arithmetic_mean_rank": 12494.725076142133,
        "count": 4925.0,
        "geometric_mean_rank": 8743.050486558996,
        "harmonic_mean_rank": 570.5843325287435,
        "hits_at_1": 0.0008121827411167512,
        "hits_at_10": 0.0026395939086294416,
        "hits_at_3": 0.0014213197969543147,
        "hits_at_5": 0.0020304568527918783,
        "inverse_arithmetic_mean_rank": 8.003377376501346e-05,
        "inverse_geometric_mean_rank": 0.00011437655558976078,
        "inverse_harmonic_mean_rank": 0.0017525893071198629,
        "inverse_median_rank": 8.161932745674175e-05,
        "median_absolute_deviation": 9619.123193664345,
        "median_rank": 12252.0,
        "standard_deviation": 7618.291721458909,
        "variance": 58038368.75324935,
        "z_arithmetic_mean_rank": 7.89201945381177,
        "z_geometric_mean_rank": 7.796764844315653,
        "z_hits_at_k": 8.220024582178892,
        "z_inverse_harmonic_mean_rank": 12.087680722731228
      },
      "pessimistic": {
        "adjusted_arithmetic_mean_rank": 0.9350753999967847,
        "adjusted_arithmetic_mean_rank_index": 0.06492945916895387,
        "adjusted_geometric_mean_rank_index": 0.11096772472216965,
        "adjusted_hits_at_k": 0.002266237914281458,
        "adjusted_inverse_harmonic_mean_rank": 0.0013500960153526329,
        "arithmetic_mean_rank": 12494.725076142133,
        "count": 4925.0,
        "geometric_mean_rank": 8743.050486558996,
        "harmonic_mean_rank": 570.5843325287435,
        "hits_at_1": 0.0008121827411167512,
        "hits_at_10": 0.0026395939086294416,
        "hits_at_3": 0.0014213197969543147,
        "hits_at_5": 0.0020304568527918783,
        "inverse_arithmetic_mean_rank": 8.003377376501346e-05,
        "inverse_geometric_mean_rank": 0.00011437655558976078,
        "inverse_harmonic_mean_rank": 0.0017525893071198629,
        "inverse_median_rank": 8.161932745674175e-05,
        "median_absolute_deviation": 9619.123193664345,
        "median_rank": 12252.0,
        "standard_deviation": 7618.291721458909,
        "variance": 58038368.75324935,
        "z_arithmetic_mean_rank": 7.89201945381177,
        "z_geometric_mean_rank": 7.796764844315653,
        "z_hits_at_k": 8.220024582178892,
        "z_inverse_harmonic_mean_rank": 12.087680722731228
      },
      "realistic": {
        "adjusted_arithmetic_mean_rank": 0.9350753650650466,
        "adjusted_arithmetic_mean_rank_index": 0.06492949410330628,
        "adjusted_geometric_mean_rank_index": 0.11096759544067014,
        "adjusted_hits_at_k": 0.002266237914281458,
        "adjusted_inverse_harmonic_mean_rank": 0.001350095955398068,
        "arithmetic_mean_rank": 12494.724609375,
        "count": 4925.0,
        "geometric_mean_rank": 8743.0517578125,
        "harmonic_mean_rank": 570.5843505859375,
        "hits_at_1": 0.0008121827411167512,
        "hits_at_10": 0.0026395939086294416,
        "hits_at_3": 0.0014213197969543147,
        "hits_at_5": 0.0020304568527918783,
        "inverse_arithmetic_mean_rank": 8.003378025023267e-05,
        "inverse_geometric_mean_rank": 0.0001143765402957797,